<?xml version="1.0" encoding="utf-8"?>
<ArrayOfInsuranceCompanyDTO xmlns:xsi="http://www.w3.org/2001/XMLSchema-instance" xmlns:xsd="http://www.w3.org/2001/XMLSchema">
  <InsuranceCompanyDTO>
    <ID>7</ID>
    <Number>213</Number>
    <Abbreviation>RBPZP</Abbreviation>
    <FullName>Revírní bratrská pokladna - zdravotní pojišťovna</FullName>
  </InsuranceCompanyDTO>
  <InsuranceCompanyDTO>
    <ID>1</ID>
    <Number>111</Number>
    <Abbreviation>VZP</Abbreviation>
    <FullName>Všeobecná zdravotní pojišťovna</FullName>
  </InsuranceCompanyDTO>
  <InsuranceCompanyDTO>
    <ID>2</ID>
    <Number>201</Number>
    <Abbreviation>VZPČR</Abbreviation>
    <FullName>Vojenská zdravotní pojišťovna České republiky</FullName>
  </InsuranceCompanyDTO>
  <InsuranceCompanyDTO>
    <ID>3</ID>
    <Number>205</Number>
    <Abbreviation>ČPZP</Abbreviation>
    <FullName>Česká průmyslová zdravotní pojišťovna</FullName>
  </InsuranceCompanyDTO>
  <InsuranceCompanyDTO>
    <ID>4</ID>
    <Number>207</Number>
    <Abbreviation>OZPZBPS</Abbreviation>
    <FullName>Oborová zdravotní pojišťovna zaměstnanců bank pojišťoven a stavebnictví</FullName>
  </InsuranceCompanyDTO>
  <InsuranceCompanyDTO>
    <ID>5</ID>
    <Number>209</Number>
    <Abbreviation>ZPŠ</Abbreviation>
    <FullName>Zaměstnanecká pojišťovna Škoda</FullName>
  </InsuranceCompanyDTO>
  <InsuranceCompanyDTO>
    <ID>6</ID>
    <Number>211</Number>
    <Abbreviation>ZPMVČR</Abbreviation>
    <FullName>Zdravotní pojišťovna ministerstva vnitra České republiky</FullName>
  </InsuranceCompanyDTO>
  <InsuranceCompanyDTO>
    <ID>7</ID>
    <Number>213</Number>
    <Abbreviation>RBPZP</Abbreviation>
    <FullName>Revírní bratrská pokladna - zdravotní pojišťovna</FullName>
  </InsuranceCompanyDTO>
</ArrayOfInsuranceCompanyDTO>